Fund Name,P1,P2,P3,P4,P5,Topsis Score,Rank
M1,0.84,0.71,5.7,62.9,17.54,0.6594824996370013,3.0
M2,0.89,0.79,5.2,54.5,15.35,0.6815563893037725,2.0
M3,0.93,0.86,5.7,52.1,14.9,0.7488392960242416,5.0
M4,0.81,0.66,3.3,48.9,13.42,0.4231693542200076,7.0
M5,0.7,0.49,4.6,67.1,18.22,0.3659309981008445,8.0
M6,0.61,0.37,5.5,52.2,14.67,0.35163733025524757,1.0
M7,0.87,0.76,6.6,57.5,16.43,0.7580355724562663,6.0
M8,0.79,0.62,3.6,64.5,17.38,0.4076631053976023,
